boolq,piqa,hellaswag,winogrande,arc_easy,arc_challenge,openbookqa,AVE
acc,acc,acc_norm,acc,acc,acc_norm,acc_norm,n/a
78.65443425076452,74.75516866158868,69.398526190002,68.58721389108129,68.22390572390572,38.737201365187715,39.6,62.56520715464713
