ppl_wikitext2,ppl_ptb,params,mem
18.84953772967933,67.93796625952643,5524115456,10570.5517578125
