ppl_wikitext2,ppl_ptb,params,mem
19.483594085720725,70.37459561097327,5524115456,10578.2021484375
