ppl_wikitext2,ppl_ptb,params,mem
12.615075399556714,22.13078980829559,6738415616,12894.6484375
