ppl_wikitext2,ppl_ptb,params,mem
13.635040730071879,23.21210854886268,6738415616,12894.6796875
