ppl_wikitext2,ppl_ptb,params,mem
12.193434436674416,48.340140483133055,6738415616,12924.6484375
