ppl_wikitext2,ppl_ptb,params,mem
13.287388565382487,50.124373613937586,6738415616,12924.6484375
