ppl_wikitext2,ppl_ptb,params,mem
14.136243501879964,27.960269588383813,8030261248,15452.6484375
