ppl_wikitext2,ppl_ptb,params,mem
16.158078775753385,30.7232367050297,8030261248,15452.6484375
