ppl_wikitext2,ppl_ptb,params,mem
3119318.167981969,19714697.864146624,8537680896,16804.47265625
