ppl_wikitext2,ppl_ptb,params,mem
17.180070153709273,62.842085481339346,8537680896,16804.47265625
