boolq,piqa,hellaswag,winogrande,arc_easy,arc_challenge,openbookqa,AVE
acc,acc,acc_norm,acc,acc,acc_norm,acc_norm,n/a
72.6605504587156,75.68008705114254,70.35451105357498,63.299131807419094,69.52861952861953,40.1023890784983,41.199999999999996,61.83218413971
