ppl_wikitext2,ppl_ptb,params,mem
13.23669992372258,55.74624909437021,7241732096,14332.6484375
