ppl_wikitext2,ppl_ptb,params,mem
15.100633552470928,56.474793342658984,7241732096,14332.6484375
