ppl_wikitext2,ppl_ptb,params,mem
20.207988667940803,32.356509563712535,5524115456,10570.5517578125
