ppl_wikitext2,ppl_ptb,params,mem
19.96981108248033,32.30239211744505,5524115456,10578.2021484375
