ppl_wikitext2,ppl_ptb,params,mem
20.965988215650242,72.28893826127059,5524115456,10570.5517578125
