ppl_wikitext2,ppl_ptb,params,mem
21.153336102638438,71.7372924858743,5524115456,10578.2021484375
