ppl_wikitext2,ppl_ptb,params,mem
18.127332519262165,61.60134286411226,10478228480,20121.775390625
