ppl_wikitext2,ppl_ptb,params,mem
19.314966844339278,63.85130898000514,10478228480,20123.806640625
