ppl_wikitext2,ppl_ptb,params,mem
17.657969480003047,30.74742601595807,5524115456,10570.5517578125
