ppl_wikitext2,ppl_ptb,params,mem
18.20959134043336,31.761172784111633,5524115456,10578.2021484375
