ppl_wikitext2,ppl_ptb,params,mem
649.7336437102142,2969.3363332251506,2506172416,5300.2783203125
