ppl_wikitext2,ppl_ptb,params,mem
21.131847230940878,82.28231911219243,2506172416,5300.2783203125
