ppl_wikitext2,ppl_ptb,params,mem
16.098227507091217,56.50439637731282,10478228480,20121.775390625
