ppl_wikitext2,ppl_ptb,params,mem
17.29984870022228,58.719229210177375,10478228480,20123.806640625
