ppl_wikitext2,ppl_ptb,params,mem
17.130101544938263,63.18136785021267,6738415616,12894.6484375
