ppl_wikitext2,ppl_ptb,params,mem
17.846196415467347,66.6421012536018,6738415616,12894.6796875
